Species,R_mean,R_sd,R_q10,R_q90,G_mean,G_sd,G_q10,G_q90,B_mean,B_sd,B_q10,B_q90,hue_mean,hue_sd,sat_mean,brightness_mean,gray_mean,gray_sd,gray_entropy,edge_mean,edge_frac,colorfulness,roi_fraction
Acacia catechu,-0.568464513,-0.0415603982,-0.466136347,-0.732487568,-0.338502061,-0.39780564,-0.339087109,-0.438061078,-0.262946334,-0.634799804,-0.0412879044,-0.391750852,1.05376474,1.37874688,-1.06871049,-0.568377023,-0.414928871,-0.274048246,-0.262913888,0.565531555,0.587159943,-0.801418529,0.284076284
Acacia leucophloea,1.22212871,-0.798038577,1.8983897,0.93334648,1.6712727,-0.588662647,3.02493036,0.992281023,2.05384129,0.235842749,2.79131361,1.10291916,0.437590815,-0.294616593,0.0480819371,1.22214051,1.40708743,-0.677568574,-0.805587004,-1.04149349,-0.886104468,1.03276265,-0.503941318
Acacia nilotica,1.06858476,-0.574506586,1.66540803,0.856525851,1.83657868,-0.430620962,3.18305356,1.20812413,2.32374666,0.271466945,2.81479595,1.49920649,0.738206559,-0.293842943,-0.324792648,1.06859519,1.44288262,-0.443681837,-0.259817578,-0.514931943,-0.537665373,0.713849603,0.431544187
Acacia senegal,0.613667586,-0.351725024,0.943749945,0.437984473,0.367664079,0.33560818,0.419529832,0.301843736,0.0386168,0.193188551,0.00595234809,-0.00674601064,-0.275281918,-0.11798734,1.08598076,0.613673672,0.422165242,0.0536752046,0.282072404,0.44646709,0.405492258,0.920337812,1.24524896
Acacia tortilis,-0.062101721,0.187931071,0.00849314024,-0.0975788276,-0.114199331,0.308914736,-0.160360704,-0.0609593513,-0.127875691,0.389289205,-0.213869896,0.0587519,-0.275495554,0.338128515,0.323502761,-0.0620752214,-0.0968390746,0.276691849,0.0832881012,0.23732704,0.287895341,0.0384250798,-0.0427547277
Anogeissus pendula,0.285949404,0.696659669,0.164999987,0.33108933,0.244524217,0.494611793,0.211858741,0.212920059,-0.108303122,0.607468167,-0.263157931,-0.00760232585,-0.160283776,-0.0712353243,0.727536117,0.285955388,0.225685878,0.531330122,0.66989325,0.524129688,0.584113658,0.700571385,0.0655446971
Anogeissus rotundifolia,-0.106016773,0.386906825,-0.0672807083,-0.0764585705,-0.199923906,0.342593885,-0.361003814,-0.143458631,-0.158046419,0.3050578,-0.217105302,-0.0454191007,1.41970042,1.58615212,0.262465373,-0.105994222,-0.159554507,0.351170358,0.308040856,0.155442769,0.283751301,0.0459380332,-0.531648532
Commiphora wightii,-0.276786836,-0.176047265,-0.0783000043,-0.456154966,-0.0833661556,-0.0979958925,0.0128269799,-0.194087415,-0.27589409,-0.156409058,-0.121666697,-0.36985186,-0.167368893,-0.116331494,0.0938701724,-0.27678841,-0.169335107,-0.0833466037,-0.191803576,-0.0721879875,-0.05799591,-0.481520705,0.0176904177
Cordia rothii,-0.0411542453,0.642314622,-0.118448278,0.0395749906,0.111151495,0.64298831,-0.0546486541,0.198683391,0.175907541,0.312775436,0.0646551501,0.195689675,-0.0675191832,0.320761474,-0.142874269,-0.0411269248,0.039151567,0.689651773,0.717659235,0.866379486,1.04872717,-0.0747722063,0.203652824
Moringa oleifera,-0.139103453,-0.0852782112,-0.0308214349,-0.312391967,-0.185012511,-0.462064608,-0.0549729035,-0.353971153,0.181766305,-0.434236957,0.482142845,-0.0410317418,0.249049079,0.977925353,-0.420125074,-0.139102046,-0.1527981,-0.387605088,-0.330896246,0.0813493579,0.031375986,-0.171449997,0.0567417139
Prosopis cineraria,0.250601768,0.805146914,0.010029065,0.294348304,0.547387757,0.688740894,0.332469817,0.467148158,0.379824681,0.132109657,0.366279048,0.205297181,0.150032185,0.0930343897,0.0296227526,0.250728362,0.386574208,0.742035737,0.734407438,0.181207342,0.149236696,0.38423848,0.177067433
Prosopis juliflora,-0.442606608,0.443549574,-0.413413446,-0.430008872,-0.398671366,0.0520477985,-0.515092548,-0.358099761,-0.398050821,0.150447206,-0.481971192,-0.148183761,1.1568711,1.64381226,-0.221048633,-0.442581956,-0.402068015,0.202179933,0.0457553924,0.00703647779,-0.0306748466,-0.417965523,0.0658800659
Sterculia urens,1.13637404,-0.903977101,1.8215539,0.80150851,2.33873966,-0.959412033,4.31378728,1.43794779,4.77844247,-0.544412448,6.71216236,2.83513534,1.04795953,-0.306858265,-2.1578122,1.13638963,1.81609732,-0.930700135,-1.29500721,-1.75051069,-1.34212126,-0.267876189,-0.929486875
