Feature,Median,IQR
R_mean,0.274327502,0.18982156
R_sd,0.0842876285,0.0335643571
R_q10,0.152941182,0.156862758
R_q90,0.400000006,0.168627471
G_mean,0.149098158,0.129546076
G_sd,0.0819639191,0.0274259541
G_q10,0.0627451017,0.0774509795
G_q90,0.266666681,0.163823534
B_mean,0.0963510387,0.0446925294
B_sd,0.069602225,0.0187376468
B_q10,0.0313725509,0.031372549
B_q90,0.180392161,0.0705882311
hue_mean,0.0715743117,0.0578130828
hue_sd,0.0497828573,0.138247438
sat_mean,0.628786832,0.12012586
brightness_mean,0.274327502,0.189819727
gray_mean,0.181819916,0.146136116
gray_sd,0.0778935179,0.0255074687
gray_entropy,2.17135593,0.454922418
edge_mean,0.032269448,0.0103331576
edge_frac,0.0948292495,0.0471734517
colorfulness,0.125492446,0.0645556152
roi_fraction,0.649691358,0.137393904
